{
  "garch": {
    "omega": 0.7232989033746822,
    "alpha": 0.32773841356375166,
    "beta": 0.3103393389937031,
    "nu": 24.906892557073366,
    "unconditional_vol_bps": 1.4136804862999253,
    "persistence": 0.6380777525574548
  },
  "ewma": {
    "halflife_hours": 6.0,
    "lambda": 0.8908987181403393
  },
  "range_config": {
    "base_ticks": 2,
    "vol_multiplier": 5.0,
    "min_ticks": 1,
    "max_ticks": 50,
    "stress_multiplier": 3.0,
    "stress_threshold_bps": 2.0,
    "depeg_threshold": 0.3
  },
  "description": "GARCH(1,1) + EWMA dual-regime volatility model for stablecoin LP range sizing"
}