{
  "features": [
    "hour_of_day_sin",
    "hour_of_day_cos",
    "day_of_week_sin",
    "day_of_week_cos",
    "volume_lag_1h",
    "volume_lag_4h",
    "volume_lag_24h",
    "volume_lag_7d",
    "volume_rolling_mean_24h",
    "cex_volume_ratio",
    "realized_vol_4h",
    "gas_price_gwei",
    "pool_tvl_log",
    "large_swap_count_1h"
  ],
  "mean": [
    0.0007025766535662115,
    2.285344691266289e-10,
    0.0013516588369384408,
    0.005829446483403444,
    917955.9375,
    918703.8125,
    924305.0,
    946828.0625,
    921327.9375,
    0.02794269286096096,
    0.44068586826324463,
    0.10000000894069672,
    17.311859130859375,
    0.0
  ],
  "std": [
    0.7068749070167542,
    0.707338273525238,
    0.7085303068161011,
    0.705655038356781,
    2068303.875,
    2068295.375,
    2069753.5,
    2061398.625,
    756121.625,
    0.022930745035409927,
    2.0287506580352783,
    7.450580596923828e-09,
    0.04169313609600067,
    0.0
  ]
}