{
  "features": [
    "hour_of_day_sin",
    "hour_of_day_cos",
    "day_of_week_sin",
    "day_of_week_cos",
    "volume_lag_1h",
    "volume_lag_4h",
    "volume_lag_24h",
    "volume_lag_7d",
    "volume_rolling_mean_24h",
    "cex_volume_ratio",
    "realized_vol_4h",
    "gas_price_gwei",
    "pool_tvl_log",
    "large_swap_count_1h"
  ],
  "mean": [
    0.0007025766535662115,
    2.285344691266289e-10,
    0.0013516588369384408,
    0.005829446483403444,
    917949.375,
    918697.25,
    924298.4375,
    946821.5,
    921321.375,
    0.027942301705479622,
    0.44068586826324463,
    0.10000000894069672,
    17.311866760253906,
    0.0
  ],
  "std": [
    0.7068749070167542,
    0.707338273525238,
    0.7085303068161011,
    0.705655038356781,
    2068306.0,
    2068297.375,
    2069755.5,
    2061400.625,
    756127.125,
    0.022930774837732315,
    2.0287506580352783,
    7.450580596923828e-09,
    0.041692640632390976,
    0.0
  ]
}